Code,Company name,GICS industry group,High,Low,Open,Close,Volume,Adj Close,moving_20,moving_100,std,price_change,pc_change,short_pred,long_pred
ABP,ABACUS PROPERTY GROUP,Real Estate,4.21999979019165,4.170000076293945,4.210000038146973,4.199999809265137,164669.0,4.2,4.212071490287781,3.8158082604408263,0.8603972179760159,-0.01,-0.24,SELL,BUY
ABC,ADELAIDE BRIGHTON LIMITED,Materials,4.304999828338623,4.179999828338623,4.179999828338623,4.284999847412109,1260747.0,4.285,4.185750031471253,4.247809720039368,1.3972710477254962,0.105,2.51,BUY,BUY
APT,AFTERPAY TOUCH GROUP LIMITED,Software & Services,24.299999237060547,23.399999618530273,23.40999984741211,23.829999923706055,796024.0,23.83,25.402499961853028,23.59249984741211,7.22240600127854,0.42,1.79,SELL,BUY
AGL,AGL ENERGY LIMITED.,Utilities,20.600000381469727,20.25,20.360000610351562,20.59000015258789,378501.0,20.59,20.439499855041504,,0.416966382437733,0.23,1.13,BUY,
ALQ,ALS LIMITED,Commercial & Professional Services,7.184999942779541,6.960000038146973,7.010000228881836,7.159999847412109,716981.0,7.16,7.419000029563904,7.565621304512024,1.6804288457847005,0.15,2.14,SELL,SELL
ALU,ALTIUM LIMITED,Software & Services,36.154998779296875,35.470001220703125,36.119998931884766,35.994998931884766,68618.0,35.995,35.12125015258789,33.02936658859253,8.963368088710853,-0.125,-0.35,BUY,BUY
AWC,ALUMINA LIMITED,Materials,2.259999990463257,2.180000066757202,2.190000057220459,2.25,4219253.0,2.25,2.3234999895095827,2.412940032482147,0.5523336548982435,0.06,2.74,SELL,SELL
AMC,AMCOR PLC,Materials,15.970000267028809,15.859999656677246,15.949999809265137,15.90999984741211,980886.0,15.91,16.072000217437743,15.649119348526002,4.051015200471723,-0.04,-0.25,SELL,BUY
AMP,AMP LIMITED,Diversified Financials,1.809999942779541,1.784999966621399,1.784999966621399,1.8170000314712524,4467959.0,1.817,2.042850023508072,2.1842666161060333,0.8408505186132126,0.032,1.79,SELL,SELL
ANN,ANSELL LIMITED,Health Care Equipment & Services,27.0,26.649999618530273,26.989999771118164,26.799999237060547,51592.0,26.8,27.008000087738036,26.041999969482422,5.338063445572769,-0.19,-0.7,SELL,BUY
APA,APA GROUP,Utilities,11.039999961853027,10.800000190734863,10.8100004196167,11.024999618530273,426286.0,11.025,11.005572032928466,10.099393501281739,2.4773576665369945,0.215,1.99,BUY,BUY
APX,APPEN LIMITED,Software & Services,30.149999618530273,29.25,29.8799991607666,29.979999542236328,156075.0,29.98,29.09550008773804,25.476407012939454,7.301298688645575,0.1,0.33,BUY,BUY
ARB,ARB CORPORATION LIMITED.,Automobiles & Components,18.8799991607666,18.549999237060547,18.780000686645508,18.719999313354492,42408.0,18.72,18.4830002784729,18.054025630950928,4.578531778176746,-0.06,-0.32,BUY,BUY
ALG,ARDENT LEISURE GROUP LIMITED,Consumer Services,1.125,1.0950000286102295,1.100000023841858,1.1169999837875366,128456.0,1.117,1.0906000077724456,1.2203700017929078,0.1641727640578324,0.017,1.55,BUY,SELL
ALL,ARISTOCRAT LEISURE LIMITED,Consumer Services,29.959999084472656,29.549999237060547,29.90999984741211,29.899999618530273,457705.0,29.9,29.87199993133545,26.977727756500244,9.02532035165432,-0.01,-0.03,BUY,BUY
ASX,ASX LIMITED,Diversified Financials,87.73999786376953,86.2300033569336,86.5,87.5999984741211,77668.0,87.6,85.26949958801269,75.8417919921875,15.22530388770411,1.1,1.27,BUY,BUY
ALX,ATLAS ARTERIA,Transportation,7.914999961853027,7.75,7.809999942779541,7.889999866485596,539928.0,7.89,7.900499963760376,7.297178463935852,2.0355375070295563,0.08,1.02,SELL,BUY
AZJ,AURIZON HOLDINGS LIMITED,Transportation,5.539999961853027,5.5,5.519999980926514,5.525000095367432,717077.0,5.525,5.489249992370605,4.966950001716614,0.8350757627038318,0.005,0.09,BUY,BUY
ASL,AUSDRILL LIMITED,Materials,2.0199999809265137,1.9500000476837158,2.0,1.9600000381469727,1286677.0,1.96,1.8595000147819518,1.6321656668186189,0.7605002533257724,-0.04,-2.0,BUY,BUY
AST,AUSNET SERVICES LIMITED,Utilities,1.8450000286102295,1.8300000429153442,1.8300000429153442,1.8370000123977661,4202213.0,1.837,1.892599993944168,1.796842076778412,0.4113561699347774,0.007,0.38,SELL,BUY
ASB,AUSTAL LIMITED,Capital Goods,4.070000171661377,3.990000009536743,3.990000009536743,4.034999847412109,3384425.0,4.035,3.5352499961853026,2.7461081767082214,0.5932440431132547,0.045,1.13,BUY,BUY
ANZ,AUSTRALIA AND NEW ZEALAND BANKING GROUP LIMITED,Banks,27.479999542236328,27.19499969482422,27.209999084472656,27.440000534057617,1204357.0,27.44,27.77750015258789,26.904015827178956,5.096211679304895,0.23,0.85,SELL,BUY
API,AUSTRALIAN PHARMACEUTICAL INDUSTRIES LIMITED,Health Care Equipment & Services,1.4049999713897705,1.3869999647140503,1.399999976158142,1.4019999504089355,760356.0,1.402,1.3493500113487245,1.3701301419734955,0.6057468654761174,0.002,0.14,BUY,BUY
AOG,AVEO GROUP,Real Estate,1.9600000381469727,1.934999942779541,1.9500000476837158,1.937000036239624,412809.0,1.937,1.9585116446018218,1.981248643398285,0.6592508707446983,-0.013,-0.67,SELL,SELL
BOQ,BANK OF QUEENSLAND LIMITED.,Banks,9.175000190734863,9.069999694824219,9.069999694824219,9.164999961853027,311023.0,9.165,9.389249992370605,9.072267332077026,2.2428407755167474,0.095,1.05,SELL,BUY
BAP,BAPCOR LIMITED,Retailing,6.239999771118164,6.119999885559082,6.190000057220459,6.235000133514404,307694.0,6.235,5.912249994277954,5.776799998283386,1.5685798129278867,0.045,0.73,BUY,BUY
BPT,BEACH ENERGY LIMITED,Energy,1.8849999904632568,1.8350000381469727,1.850000023841858,1.871999979019165,2516005.0,1.872,1.934850001335144,2.004920481443405,0.4219926741529304,0.022,1.19,SELL,SELL
BGA,BEGA CHEESE LIMITED,"Food, Beverage & Tobacco",4.519999980926514,4.409999847412109,4.440000057220459,4.494999885559082,2120944.0,4.495,4.676250004768372,4.853592071533203,1.816053511904301,0.055,1.24,SELL,SELL
BAL,BELLAMY'S AUSTRALIA LIMITED,"Food, Beverage & Tobacco",9.079999923706055,8.960000038146973,8.979999542236328,9.050000190734863,253228.0,9.05,8.482499933242797,9.447299995422362,4.6015520404083645,0.07,0.78,BUY,SELL
BEN,BENDIGO AND ADELAIDE BANK LIMITED,Banks,11.510000228881836,11.359999656677246,11.369999885559082,11.489999771118164,374046.0,11.49,11.47450008392334,10.56071774482727,2.0836936766438683,0.12,1.06,BUY,BUY
BHP,BHP GROUP LIMITED,Materials,41.189998626708984,40.79999923706055,40.900001525878906,41.04999923706055,1174474.0,41.05,41.32350025177002,38.681591262817385,5.042801584683775,0.15,0.37,SELL,BUY
BIN,BINGO INDUSTRIES LIMITED,Commercial & Professional Services,2.4800000190734863,2.430000066757202,2.450000047683716,2.4800000190734863,839171.0,2.48,2.328999972343445,1.865889093875885,0.4313021647385431,0.03,1.22,BUY,BUY
BKL,BLACKMORES LIMITED,Household & Personal Products,90.7699966430664,89.95999908447266,90.51000213623047,90.08000183105469,14115.0,90.08,90.82400016784668,91.90536018371581,52.375160100844674,-0.43,-0.48,SELL,SELL
BSL,BLUESCOPE STEEL LIMITED,Materials,12.489999771118164,12.260000228881836,12.300000190734863,12.449999809265137,758745.0,12.45,12.025999927520752,12.830816020965576,4.499979717983916,0.15,1.22,BUY,SELL
BLD,BORAL LIMITED.,Materials,5.539999961853027,5.400000095367432,5.429999828338623,5.519999980926514,1433636.0,5.52,5.331999921798706,5.002862596511841,1.2984777964765606,0.09,1.66,BUY,BUY
BXB,BRAMBLES LIMITED,Commercial & Professional Services,12.489999771118164,12.390000343322754,12.40999984741211,12.470000267028809,760649.0,12.47,12.524000024795532,12.211668300628663,2.4966673412714275,0.06,0.48,SELL,BUY
BVS,BRAVURA SOLUTIONS LIMITED.,Software & Services,4.679999828338623,4.570000171661377,4.599999904632568,4.675000190734863,417121.0,4.675,4.70675003528595,5.353839373588562,1.4855200865333187,0.075,1.63,SELL,SELL
BRG,BREVILLE GROUP LIMITED,Consumer Durables & Apparel,18.135000228881836,17.860000610351562,17.950000762939453,17.979999542236328,27777.0,17.98,17.063000011444093,17.18990002632141,3.8933538112839665,0.03,0.17,BUY,BUY
BKW,BRICKWORKS LIMITED,Materials,17.030000686645508,16.700000762939453,16.780000686645508,17.010000228881836,49331.0,17.01,16.670999908447264,16.93908091545105,2.7304886917698057,0.23,1.37,BUY,BUY
BWP,BWP TRUST,Real Estate,3.825000047683716,3.7899999618530273,3.7899999618530273,3.799999952316284,496187.0,3.8,3.809741747379303,3.641240451335907,0.8138475179344944,0.01,0.26,SELL,BUY
CTX,CALTEX AUSTRALIA LIMITED,Energy,25.825000762939453,25.549999237060547,25.610000610351562,25.700000762939453,202779.0,25.7,25.201500129699706,26.45540449142456,8.643304979246917,0.09,0.35,BUY,SELL
CAR,CARSALES.COM LIMITED.,Media & Entertainment,13.899999618530273,13.710000038146973,13.859999656677246,13.8149995803833,93094.0,13.815,13.933750009536743,13.30426417350769,3.470829530760647,-0.045,-0.32,SELL,BUY
CGF,CHALLENGER LIMITED,Diversified Financials,6.824999809265137,6.730000019073486,6.760000228881836,6.809999942779541,470258.0,6.81,6.734499979019165,7.633549981117248,3.326822733517568,0.05,0.74,BUY,SELL
CHC,CHARTER HALL GROUP,Real Estate,11.664999961853027,11.454999923706055,11.619999885559082,11.585000038146973,506422.0,11.585,11.363934803009034,10.232152462005615,2.1591555115806993,-0.035,-0.3,BUY,BUY
CLW,CHARTER HALL LONG WALE REIT,Real Estate,5.175000190734863,5.110000133514404,5.110000133514404,5.119999885559082,101579.0,5.12,5.13585684299469,4.69283447265625,0.45096339556402676,0.01,0.2,SELL,BUY
CQR,CHARTER HALL RETAIL REIT,Real Estate,4.525000095367432,4.46999979019165,4.480000019073486,4.5,183810.0,4.5,4.495310926437378,4.460453963279724,0.8763632276871354,0.02,0.45,BUY,BUY
CNU,CHORUS LIMITED,Telecommunication Services,5.260000228881836,5.21999979019165,5.239999771118164,5.235000133514404,896452.0,5.235,5.388750004768371,5.519053053855896,1.1519259696847952,-0.005,-0.1,SELL,SELL
CIM,CIMIC GROUP LIMITED,Capital Goods,37.849998474121094,36.45000076293945,37.31999969482422,36.66999816894531,747056.0,36.67,44.557000160217285,46.52453819274902,11.586562955238199,-0.65,-1.74,SELL,SELL
CWY,CLEANAWAY WASTE MANAGEMENT LIMITED,Commercial & Professional Services,2.4800000190734863,2.424999952316284,2.4800000190734863,2.450000047683716,602916.0,2.45,2.403500032424927,2.2727527689933775,0.42693722604964346,-0.03,-1.21,BUY,BUY
CUV,CLINUVEL PHARMACEUTICALS LIMITED,"Pharmaceuticals, Biotechnology & Life Sciences",33.0,30.81999969482422,33.0,31.200000762939453,128981.0,31.2,33.93099994659424,29.343600006103514,6.6667546911589834,-1.8,-5.45,SELL,BUY
CCL,COCA-COLA AMATIL LIMITED,"Food, Beverage & Tobacco",10.524999618530273,10.4399995803833,10.4399995803833,10.5,257888.0,10.5,10.350000047683716,9.20539999961853,0.9453901986673494,0.06,0.57,BUY,BUY
COH,COCHLEAR LIMITED,Health Care Equipment & Services,221.8000030517578,219.00999450683594,220.72000122070312,221.2899932861328,47458.0,221.29,215.0970001220703,191.3686817932129,50.9488789511135,0.57,0.26,BUY,BUY
COL,COLES GROUP LIMITED.,Food & Staples Retailing,14.09000015258789,13.880000114440918,13.90999984741211,13.96500015258789,399823.0,13.965,13.640749979019166,12.583749990463257,0.7067624631854058,0.055,0.4,BUY,BUY
CBA,COMMONWEALTH BANK OF AUSTRALIA.,Banks,82.2699966430664,81.37000274658203,81.5,82.19499969482422,942332.0,82.195,81.71274909973144,76.17074989318847,16.175371335228686,0.695,0.85,BUY,BUY
CPU,COMPUTERSHARE LIMITED.,Software & Services,16.59000015258789,16.25,16.469999313354492,16.59000015258789,189981.0,16.59,16.61600008010864,17.18199998855591,3.6743296389628215,0.12,0.73,SELL,SELL
COE,COOPER ENERGY LIMITED,Energy,0.5320000052452087,0.5199999809265137,0.5249999761581421,0.5249999761581421,1293104.0,0.525,0.5362499982118607,0.5245999976992607,0.0989897491506254,0.0,0.0,SELL,BUY
CTD,CORPORATE TRAVEL MANAGEMENT LIMITED,Consumer Services,22.239999771118164,21.739999771118164,21.739999771118164,22.139999389648438,91217.0,22.14,22.113500022888182,24.194328117370606,8.787101785864158,0.4,1.84,BUY,SELL
CGC,COSTA GROUP HOLDINGS LIMITED,"Food, Beverage & Tobacco",4.289999961853027,4.090000152587891,4.260000228881836,4.135000228881836,3026154.0,4.135,4.154250061511993,4.794112946987152,1.8833565252811382,-0.125,-2.93,SELL,SELL
CCP,CREDIT CORP GROUP LIMITED,Diversified Financials,27.030000686645508,26.450000762939453,26.610000610351562,26.8700008392334,47084.0,26.87,26.632500076293944,24.07988826751709,6.570002945431665,0.26,0.98,BUY,BUY
CMW,CROMWELL PROPERTY GROUP,Real Estate,1.1699999570846558,1.159999966621399,1.1649999618530273,1.1670000553131104,1169860.0,1.167,1.1916276395320893,1.131869592666626,0.23738224198211677,0.002,0.17,SELL,BUY
CWN,CROWN RESORTS LIMITED,Consumer Services,12.744999885559082,12.649999618530273,12.680000305175781,12.6850004196167,202715.0,12.685,12.61375002861023,12.401837844848632,2.6502164840258167,0.005,0.04,BUY,BUY
CSL,CSL LIMITED,"Pharmaceuticals, Biotechnology & Life Sciences",225.1999969482422,223.0,224.4600067138672,223.6199951171875,409716.0,223.62,219.5884994506836,204.0011312866211,54.86007775496119,-0.84,-0.37,BUY,BUY
CSR,CSR LIMITED,Materials,4.289999961853027,4.130000114440918,4.170000076293945,4.264999866485596,869639.0,4.265,4.121249985694885,3.594200458526611,1.00071563976502,0.095,2.28,BUY,BUY
CYB,CYBG PLC,Banks,3.5299999713897705,3.430000066757202,3.450000047683716,3.515000104904175,1603231.0,3.515,3.5662500143051146,3.6099500012397767,0.7975578968645014,0.065,1.88,SELL,SELL
DXS,DEXUS,Real Estate,13.649999618530273,13.305000305175781,13.529999732971191,13.59000015258789,922775.0,13.59,13.44982190132141,12.747262439727784,2.4794869482566737,0.06,0.44,BUY,BUY
DHG,DOMAIN HOLDINGS AUSTRALIA LIMITED.,Media & Entertainment,3.0899999141693115,3.0350000858306885,3.049999952316284,3.0399999618530273,77352.0,3.04,3.131500005722046,2.9623999881744383,0.3897033893724895,-0.01,-0.33,SELL,BUY
DMP,DOMINO'S PIZZA ENTERPRISES LIMITED,Consumer Services,38.0,37.2400016784668,37.790000915527344,37.540000915527344,277943.0,37.54,38.588500022888184,40.75663009643554,20.853055550314576,-0.25,-0.66,SELL,SELL
DOW,DOWNER EDI LIMITED,Commercial & Professional Services,6.875,6.760000228881836,6.809999942779541,6.860000133514404,405018.0,6.86,6.976500010490417,7.443899984359741,1.6820582896536804,0.05,0.73,SELL,SELL
DLX,DULUXGROUP LIMITED,Materials,9.359999656677246,9.34000015258789,9.350000381469727,9.350000381469727,518604.0,9.35,9.331999969482421,8.693590650558471,1.9843822288266915,0.0,0.0,BUY,BUY
ECX,ECLIPX GROUP LIMITED,Diversified Financials,1.6050000190734863,1.5099999904632568,1.5199999809265137,1.5700000524520874,1779444.0,1.57,1.3945000052452088,1.2154500025510788,0.7188473263502386,0.05,3.29,BUY,BUY
ELD,ELDERS LIMITED,"Food, Beverage & Tobacco",7.269999980926514,7.019999980926514,7.039999961853027,7.230000019073486,258498.0,7.23,6.29951548576355,6.0447371435165405,2.4444237491448217,0.19,2.7,BUY,BUY
EHL,EMECO HOLDINGS LIMITED,Capital Goods,2.200000047683716,2.1500000953674316,2.200000047683716,2.174999952316284,135973.0,2.175,2.09324996471405,1.9890999913215637,3.427497381811499,-0.025,-1.14,BUY,BUY
EHE,ESTIA HEALTH LIMITED,Health Care Equipment & Services,2.759999990463257,2.6600000858306885,2.700000047683716,2.7200000286102295,245404.0,2.72,2.6760000228881835,2.689006791114807,1.1026903772620793,0.02,0.74,BUY,BUY
EVN,EVOLUTION MINING LIMITED,Materials,4.96999979019165,4.829999923706055,4.849999904632568,4.849999904632568,7228188.0,4.85,4.399499988555908,3.776700005531311,0.9011241494216506,0.0,0.0,BUY,BUY
FPH,FISHER & PAYKEL HEALTHCARE CORPORATION LIMITED,Health Care Equipment & Services,15.350000381469727,15.130000114440918,15.170000076293945,15.270000457763672,46205.0,15.27,15.031499910354615,14.647834014892577,4.313789933263769,0.1,0.66,BUY,BUY
FBU,FLETCHER BUILDING LIMITED,Materials,4.75,4.710000038146973,4.71999979019165,4.715000152587891,177160.0,4.715,4.842750000953674,4.8241011428833005,1.3722924253016813,-0.005,-0.11,SELL,SELL
FLT,FLIGHT CENTRE TRAVEL GROUP LIMITED,Consumer Services,43.40999984741211,42.939998626708984,43.09000015258789,43.099998474121094,63941.0,43.1,42.44799995422363,42.30529235839844,12.774663103787274,0.01,0.02,BUY,BUY
FMG,FORTESCUE METALS GROUP LTD,Materials,8.800000190734863,8.609999656677246,8.65999984741211,8.739999771118164,6081102.0,8.74,8.921000003814697,7.49487117767334,1.307844316989454,0.08,0.92,SELL,BUY
GUD,G.U.D. HOLDINGS LIMITED,Automobiles & Components,10.324999809265137,10.119999885559082,10.270000457763672,10.274999618530273,62527.0,10.275,10.357249975204468,11.418049993515014,2.7838385409520114,0.005,0.05,SELL,SELL
GEM,G8 EDUCATION LIMITED,Consumer Services,2.690000057220459,2.640000104904175,2.640000104904175,2.6649999618530273,360870.0,2.665,2.86875,3.0036139035224916,1.1870649882307087,0.025,0.95,SELL,SELL
GXY,GALAXY RESOURCES LIMITED,Materials,1.3300000429153442,1.284999966621399,1.2949999570846558,1.315000057220459,2218251.0,1.315,1.3027499973773957,1.6552499961853027,1.4064000307372069,0.02,1.54,BUY,SELL
GMG,GOODMAN GROUP,Real Estate,15.260000228881836,14.949999809265137,15.039999961853027,15.145000457763672,764884.0,15.145,15.353225612640381,13.73827974319458,2.9410998531672186,0.105,0.7,SELL,BUY
GPT,GPT GROUP,Real Estate,6.190000057220459,6.0,6.150000095367432,6.150000095367432,1325697.0,6.15,6.2293144226074215,5.946821637153626,1.207861713303167,0.0,0.0,SELL,BUY
GNC,GRAINCORP LIMITED,"Food, Beverage & Tobacco",8.710000038146973,8.619999885559082,8.619999885559082,8.704999923706055,201812.0,8.705,8.289249968528747,8.649249992370606,1.558526588533379,0.085,0.99,BUY,BUY
GOZ,GROWTHPOINT PROPERTIES AUSTRALIA,Real Estate,4.389999866485596,4.309999942779541,4.340000152587891,4.364999771118164,342559.0,4.365,4.287727499008179,4.120605080127716,0.9104907911368567,0.025,0.58,BUY,BUY
GWA,GWA GROUP LIMITED.,Capital Goods,3.559999942779541,3.4100000858306885,3.440000057220459,3.5450000762939453,734067.0,3.545,3.508750021457672,3.3847500014305116,0.4891812044780776,0.105,3.05,BUY,BUY
HVN,HARVEY NORMAN HOLDINGS LIMITED,Retailing,4.289999961853027,4.230000019073486,4.269999980926514,4.269999980926514,462885.0,4.27,4.118499970436096,3.9570434045791627,0.9218838964821581,0.0,0.0,BUY,BUY
HLS,HEALIUS LIMITED,Health Care Equipment & Services,2.9600000381469727,2.930000066757202,2.930000066757202,2.934999942779541,208693.0,2.935,3.035249984264374,2.974144313335419,0.25413174106605285,0.005,0.17,SELL,SELL
HUB,HUB24 LIMITED,Diversified Financials,11.460000038146973,11.149999618530273,11.329999923706055,11.390000343322754,218631.0,11.39,11.695500040054322,13.306143102645875,4.126856460198973,0.06,0.53,SELL,SELL
IEL,IDP EDUCATION LIMITED,Consumer Services,18.950000762939453,18.670000076293945,18.75,18.719999313354492,63701.0,18.72,18.29349994659424,16.22496563911438,4.045901116322693,-0.03,-0.16,BUY,BUY
ILU,ILUKA RESOURCES LIMITED,Materials,10.859999656677246,10.5,10.649999618530273,10.859999656677246,315269.0,10.86,10.746000003814697,9.49152006149292,2.5838882516662616,0.21,1.97,BUY,BUY
IPL,INCITEC PIVOT LIMITED,Materials,3.259999990463257,3.1500000953674316,3.1500000953674316,3.244999885559082,1124419.0,3.245,3.306250035762787,3.3129440760612487,0.49243562322685436,0.095,3.02,SELL,SELL
IGO,INDEPENDENCE GROUP NL,Materials,5.445000171661377,5.300000190734863,5.349999904632568,5.380000114440918,1225514.0,5.38,4.929500007629395,4.761100006103516,0.9638837750645127,0.03,0.56,BUY,BUY
ING,INGHAMS GROUP LIMITED,"Food, Beverage & Tobacco",4.139999866485596,4.070000171661377,4.079999923706055,4.125,246973.0,4.125,4.091250038146972,4.254555461406707,0.5231676751709744,0.045,1.1,BUY,SELL
IAG,INSURANCE AUSTRALIA GROUP LIMITED,Insurance,8.5,8.380000114440918,8.380000114440918,8.484999656677246,789235.0,8.485,8.399249982833862,7.896749997138977,1.7982893084035072,0.105,1.25,BUY,BUY
IVC,INVOCARE LIMITED,Consumer Services,16.350000381469727,16.110000610351562,16.110000610351562,16.309999465942383,45178.0,16.31,16.215999841690063,15.201712379455566,3.3259470855233237,0.2,1.24,BUY,BUY
IFL,IOOF HOLDINGS LIMITED,Diversified Financials,5.25,5.110000133514404,5.190000057220459,5.235000133514404,507574.0,5.235,5.298250007629394,5.889799995422363,1.846991809693894,0.045,0.87,SELL,SELL
IPH,IPH LIMITED,Commercial & Professional Services,8.020000457763672,7.539999961853027,7.980000019073486,8.0,283984.0,8.0,7.755500030517578,7.062700009346008,1.2070971095627363,0.02,0.25,BUY,BUY
IRE,IRESS LIMITED,Software & Services,13.59000015258789,13.369999885559082,13.460000038146973,13.569999694824219,170993.0,13.57,13.918000078201294,13.562104272842408,2.5278380668111846,0.11,0.82,SELL,BUY
JHX,JAMES HARDIE INDUSTRIES PLC,Materials,18.90999984741211,18.635000228881836,18.690000534057617,18.829999923706055,620594.0,18.83,18.770000171661376,18.265741634368897,5.994709478018665,0.14,0.75,BUY,BUY
JHG,JANUS HENDERSON GROUP PLC,Diversified Financials,32.13999938964844,31.690000534057617,31.770000457763672,32.11000061035156,42954.0,32.11,31.419500064849853,32.502978820800784,11.542072972396392,0.34,1.07,BUY,SELL
JBH,JB HI-FI LIMITED,Retailing,29.239999771118164,28.809999465942383,28.90999984741211,29.219999313354492,142583.0,29.22,27.232499885559083,25.67450008392334,5.813892339073234,0.31,1.07,BUY,BUY
LLC,LENDLEASE GROUP,Real Estate,15.234999656677246,14.744999885559082,15.109999656677246,15.09000015258789,1231826.0,15.09,13.917000007629394,13.251113986968994,4.1430861115499,-0.02,-0.13,BUY,BUY
LNK,LINK ADMINISTRATION HOLDINGS LIMITED,Software & Services,5.144999980926514,5.070000171661377,5.090000152587891,5.139999866485596,1258752.0,5.14,5.171500039100647,6.8228000020980835,0.6344386736895031,0.05,0.98,SELL,SELL
LYC,LYNAS CORPORATION LIMITED,Materials,2.809999942779541,2.7300000190734863,2.7699999809265137,2.7899999618530273,1955729.0,2.79,2.676499974727631,2.221149990558624,5.737975427522454,0.02,0.72,BUY,BUY
MQG,MACQUARIE GROUP LIMITED,Diversified Financials,127.83999633789062,126.16999816894531,126.72000122070312,127.13999938964844,179808.0,127.14,127.24199981689453,124.71063102722168,33.041709256417114,0.42,0.33,SELL,BUY
MFG,MAGELLAN FINANCIAL GROUP LIMITED,Diversified Financials,58.65999984741211,56.83000183105469,56.83000183105469,58.13999938964844,353326.0,58.14,54.43999977111817,43.86049987792969,11.129467428264952,1.31,2.31,BUY,BUY
MYX,MAYNE PHARMA GROUP LIMITED,"Pharmaceuticals, Biotechnology & Life Sciences",0.5,0.47999998927116394,0.48500001430511475,0.5,2535841.0,0.5,0.5159999996423721,0.6133999967575073,0.4168689383081371,0.015,3.09,SELL,SELL
MMS,MCMILLAN SHAKESPEARE LIMITED,Commercial & Professional Services,13.40999984741211,13.210000038146973,13.210000038146973,13.335000038146973,99314.0,13.335,12.731750011444092,12.741100540161133,3.558432810215677,0.125,0.95,BUY,BUY
MPL,MEDIBANK PRIVATE LIMITED,Insurance,3.6500000953674316,3.565000057220459,3.5899999141693115,3.6449999809265137,2026246.0,3.645,3.559249985218048,3.0665453720092772,0.4204182303598801,0.055,1.53,BUY,BUY
MTS,METCASH LIMITED,Food & Staples Retailing,2.9000000953674316,2.8399999141693115,2.8499999046325684,2.884999990463257,522254.0,2.885,2.706942009925842,2.7431923866271974,0.5741996121631604,0.035,1.23,BUY,BUY
MIN,MINERAL RESOURCES LIMITED,Materials,14.989999771118164,14.5600004196167,14.6899995803833,14.989999771118164,548117.0,14.99,15.259000015258788,15.489257974624634,3.9552448387392505,0.3,2.04,SELL,SELL
MGR,MIRVAC GROUP,Real Estate,3.2100000381469727,3.130000114440918,3.180000066757202,3.194999933242798,3472571.0,3.195,3.2137805104255674,2.88926700592041,0.5632783322183113,0.015,0.47,SELL,BUY
MND,MONADELPHOUS GROUP LIMITED,Capital Goods,18.84000015258789,18.540000915527344,18.649999618530273,18.690000534057617,36028.0,18.69,18.82800006866455,18.529726943969727,3.4544864407378095,0.04,0.21,SELL,BUY
NAN,NANOSONICS LIMITED,Health Care Equipment & Services,5.190000057220459,5.074999809265137,5.150000095367432,5.15500020980835,331239.0,5.155,5.405750012397766,4.691650009155273,1.1773364447688224,0.005,0.1,SELL,BUY
NAB,NATIONAL AUSTRALIA BANK LIMITED,Banks,27.59000015258789,27.260000228881836,27.56999969482422,27.549999237060547,4764400.0,27.55,26.879500102996825,25.39625539779663,5.15742559218581,-0.02,-0.07,BUY,BUY
NSR,NATIONAL STORAGE REIT,Real Estate,1.7350000143051147,1.715000033378601,1.7350000143051147,1.7300000190734863,1632976.0,1.73,1.7574866652488708,1.7171262872219086,0.2532764465049143,-0.005,-0.29,SELL,BUY
NEA,NEARMAP LTD,Commercial & Professional Services,3.1500000953674316,3.069999933242798,3.119999885559082,3.0799999237060547,2032163.0,3.08,3.5889999747276304,3.3083999967575073,0.7174667173520619,-0.04,-1.28,SELL,SELL
NHC,NEW HOPE CORPORATION LIMITED,Energy,2.569999933242798,2.5199999809265137,2.559999942779541,2.549999952316284,876331.0,2.55,2.656500017642975,2.9451999926567076,0.9133489493984249,-0.01,-0.39,SELL,SELL
NCM,NEWCREST MINING LIMITED,Materials,33.33000183105469,33.0099983215332,33.11000061035156,33.084999084472656,1356211.0,33.085,31.955749797821046,27.282449932098388,8.758449606961053,-0.025,-0.08,BUY,BUY
NWS,NEWS CORPORATION..,Media & Entertainment,19.190000534057617,19.020000457763672,19.190000534057617,19.110000610351562,97218.0,19.11,19.71599988937378,18.15522647857666,1.5271395488040347,-0.08,-0.42,SELL,BUY
NXT,NEXTDC LIMITED,Software & Services,6.679999828338623,6.550000190734863,6.559999942779541,6.675000190734863,284399.0,6.675,6.56875,6.417349977493286,1.8335547106312458,0.115,1.75,BUY,BUY
NHF,NIB HOLDINGS LIMITED,Insurance,7.980000019073486,7.699999809265137,7.71999979019165,7.920000076293945,232325.0,7.92,7.842999958992005,6.380699982643128,1.8849895478466927,0.2,2.59,BUY,BUY
NEC,NINE ENTERTAINMENT CO. HOLDINGS LIMITED,Media & Entertainment,1.9199999570846558,1.8969999551773071,1.909999966621399,1.909999966621399,2101237.0,1.91,1.9507499992847444,1.8414805078506469,0.4038244733773752,0.0,0.0,SELL,BUY
NST,NORTHERN STAR RESOURCES LTD,Materials,13.609999656677246,13.270000457763672,13.350000381469727,13.420000076293945,2579173.0,13.42,11.805499982833862,9.70018934249878,2.7983178683508987,0.07,0.52,BUY,BUY
NWH,NRW HOLDINGS LIMITED,Capital Goods,2.3299999237060547,2.25,2.25,2.315000057220459,513729.0,2.315,2.410249960422516,2.5599268555641173,0.7596065323343296,0.065,2.89,SELL,SELL
NUF,NUFARM LIMITED,Materials,4.599999904632568,4.420000076293945,4.429999828338623,4.59499979019165,1257647.0,4.595,4.3052500009536745,4.627950010299682,1.844866019345876,0.165,3.72,BUY,SELL
OSH,OIL SEARCH LIMITED,Energy,6.710000038146973,6.559999942779541,6.619999885559082,6.704999923706055,3131455.0,6.705,7.060749983787536,7.572170219421387,0.9484104944537278,0.085,1.28,SELL,SELL
OML,OOH!MEDIA LIMITED,Media & Entertainment,4.289999961853027,4.199999809265137,4.210000038146973,4.235000133514404,218074.0,4.235,4.14075003862381,3.916221981048584,0.8713128051436034,0.025,0.59,BUY,BUY
ORI,ORICA LIMITED,Materials,20.18000030517578,19.81999969482422,19.8799991607666,20.15999984741211,238741.0,20.16,20.39099998474121,19.237268333435058,2.017729779215806,0.28,1.41,SELL,BUY
ORG,ORIGIN ENERGY LIMITED,Energy,7.550000190734863,7.309999942779541,7.360000133514404,7.550000190734863,1175977.0,7.55,7.440499997138977,7.358808150291443,1.9562068496122587,0.19,2.58,BUY,BUY
ORE,OROCOBRE LIMITED,Materials,2.7699999809265137,2.690000057220459,2.7200000286102295,2.75,595693.0,2.75,2.8319999814033507,3.296899983882904,1.27303831348617,0.03,1.1,SELL,SELL
ORA,ORORA LIMITED,Materials,3.4100000858306885,3.319999933242798,3.319999933242798,3.4049999713897705,1258212.0,3.405,3.2922499656677244,3.135458180904388,0.7270788333469538,0.085,2.56,BUY,BUY
OZL,OZ MINERALS LIMITED,Materials,10.005000114440918,9.819999694824219,9.850000381469727,9.984999656677246,610253.0,9.985,9.949750089645386,9.912370834350586,2.7394595552004604,0.135,1.37,BUY,BUY
PGH,PACT GROUP HOLDINGS LTD,Materials,2.740000009536743,2.630000114440918,2.680000066757202,2.740000009536743,341837.0,2.74,2.634000027179718,2.611899993419647,1.1413564864071284,0.06,2.24,BUY,BUY
PDL,PENDAL GROUP LIMITED,Diversified Financials,7.460000038146973,7.28000020980835,7.28000020980835,7.454999923706055,439260.0,7.455,7.326750016212463,7.973017983436584,3.297242284656197,0.175,2.4,BUY,SELL
PPT,PERPETUAL LIMITED,Diversified Financials,38.029998779296875,37.310001373291016,38.02000045776367,37.70000076293945,100389.0,37.7,42.151000595092775,40.82088626861572,10.079903967500572,-0.32,-0.84,SELL,SELL
PLS,PILBARA MINERALS LIMITED,Materials,0.47999998927116394,0.4650000035762787,0.4749999940395355,0.4699999988079071,4938090.0,0.47,0.5130000054836273,0.6720500010251999,0.33081356553654795,-0.005,-1.05,SELL,SELL
PNI,PINNACLE INVESTMENT MANAGEMENT GROUP LIMITED,Diversified Financials,4.46999979019165,4.369999885559082,4.460000038146973,4.465000152587891,121798.0,4.465,4.496750020980835,5.278342666625977,1.8110746976372334,0.005,0.11,SELL,SELL
PTM,PLATINUM ASSET MANAGEMENT LIMITED,Diversified Financials,4.769999980926514,4.690000057220459,4.739999771118164,4.75,331733.0,4.75,4.876000022888183,4.881011624336242,1.2985496076058785,0.01,0.21,SELL,SELL
PMV,PREMIER INVESTMENTS LIMITED,Retailing,16.170000076293945,15.90999984741211,16.06999969482422,15.96500015258789,103240.0,15.965,15.55775008201599,16.13554313659668,4.482161370528743,-0.105,-0.65,BUY,SELL
QAN,QANTAS AIRWAYS LIMITED,Transportation,5.679999828338623,5.599999904632568,5.599999904632568,5.65500020980835,910829.0,5.655,5.567249989509582,,0.1372041338362546,0.055,0.98,BUY,
QBE,QBE INSURANCE GROUP LIMITED,Insurance,11.914999961853027,11.609999656677246,11.6899995803833,11.90999984741211,626642.0,11.91,11.842999935150146,12.279707412719727,1.497640188198349,0.22,1.88,BUY,SELL
QUB,QUBE HOLDINGS LIMITED,Transportation,3.130000114440918,3.0799999237060547,3.0899999141693115,3.115000009536743,836684.0,3.115,3.074749934673309,2.875443389415741,0.6269199037112958,0.025,0.81,BUY,BUY
RHC,RAMSAY HEALTH CARE LIMITED,Health Care Equipment & Services,72.80000305175781,71.68000030517578,72.0199966430664,72.58000183105469,70814.0,72.58,72.71499977111816,67.2048025894165,21.290524116076423,0.56,0.78,SELL,BUY
REA,REA GROUP LTD,Media & Entertainment,98.11000061035156,97.16000366210938,97.52999877929688,97.41999816894531,33887.0,97.42,97.68099975585938,85.673916015625,25.385526888325426,-0.11,-0.11,SELL,BUY
RRL,REGIS RESOURCES LIMITED,Materials,6.449999809265137,6.289999961853027,6.289999961853027,6.335000038146973,2550016.0,6.335,5.5242499828338625,5.036359291076661,1.2536625496833942,0.045,0.72,BUY,BUY
RWC,RELIANCE WORLDWIDE CORPORATION LIMITED,Capital Goods,3.5999999046325684,3.5299999713897705,3.549999952316284,3.5899999141693115,2562375.0,3.59,3.587000000476837,4.115423991680145,0.9259141865399433,0.04,1.13,BUY,SELL
RMD,RESMED INC,Health Care Equipment & Services,17.69499969482422,17.600000381469727,17.649999618530273,17.610000610351562,443931.0,17.61,17.54399995803833,15.734700002670287,4.02619280824259,-0.04,-0.23,BUY,BUY
RSG,RESOLUTE MINING LIMITED,Materials,1.7450000047683716,1.6799999475479126,1.6799999475479126,1.725000023841858,6035072.0,1.725,1.4044999957084656,1.1995500004291535,0.45262102315636354,0.045,2.68,BUY,BUY
RIO,RIO TINTO LIMITED,Materials,103.37999725341797,101.91000366210938,102.0,102.70500183105469,592149.0,102.705,104.00425071716309,98.9288703918457,14.361371749294829,0.705,0.69,SELL,BUY
SFR,SANDFIRE RESOURCES NL,Materials,6.860000133514404,6.739999771118164,6.809999942779541,6.824999809265137,276844.0,6.825,6.726250052452087,6.797756471633911,1.1819410876242784,0.015,0.22,BUY,BUY
STO,SANTOS LIMITED,Energy,6.900000095367432,6.820000171661377,6.869999885559082,6.855000019073486,2041566.0,6.855,7.0187499761581424,7.0019499921798705,2.6746497850026922,-0.015,-0.22,SELL,SELL
SAR,SARACEN MINERAL HOLDINGS LIMITED,Materials,4.275000095367432,4.179999828338623,4.190000057220459,4.204999923706055,4479588.0,4.205,3.7537500143051146,3.124050004482269,0.7798457056673603,0.015,0.36,BUY,BUY
SCG,SCENTRE GROUP,Real Estate,3.9600000381469727,3.9100000858306885,3.930000066757202,3.930000066757202,3250738.0,3.93,3.95300008058548,3.9043000292778016,0.8957253395123598,0.0,0.0,SELL,BUY
SEK,SEEK LIMITED,Commercial & Professional Services,21.440000534057617,21.1200008392334,21.149999618530273,21.34000015258789,287054.0,21.34,21.591500091552735,19.609835624694824,5.208935966795724,0.19,0.9,SELL,BUY
SSM,SERVICE STREAM LIMITED,Capital Goods,2.950000047683716,2.9100000858306885,2.950000047683716,2.9149999618530273,168423.0,2.915,2.853249990940094,2.4234915828704833,0.613034252349337,-0.035,-1.19,BUY,BUY
SVW,SEVEN GROUP HOLDINGS LIMITED,Capital Goods,17.674999237060547,17.329999923706055,17.6299991607666,17.655000686645508,653274.0,17.655,18.601749897003174,18.518033180236817,4.732973707244405,0.025,0.14,SELL,SELL
SCP,SHOPPING CENTRES AUSTRALASIA PROPERTY GROUP,Real Estate,2.4600000381469727,2.4200000762939453,2.430000066757202,2.4549999237060547,892153.0,2.455,2.4785311698913572,2.4799893283843994,0.45384647966376285,0.025,1.03,SELL,SELL
SIG,SIGMA HEALTHCARE LIMITED,Health Care Equipment & Services,0.6000000238418579,0.5849999785423279,0.5899999737739563,0.6000000238418579,1455521.0,0.6,0.5800000041723251,0.5407163554430008,0.22658547561216874,0.01,1.69,BUY,BUY
SGM,SIMS METAL MANAGEMENT LIMITED,Materials,10.1899995803833,9.989999771118164,10.010000228881836,10.145000457763672,155053.0,10.145,10.550250005722045,10.385558681488037,2.988552681351907,0.135,1.35,SELL,SELL
SKC,SKYCITY ENTERTAINMENT GROUP LIMITED,Consumer Services,3.809999942779541,3.759999990463257,3.7899999618530273,3.799999952316284,28721.0,3.8,3.699499988555908,3.6745251393318177,0.7754831265771215,0.01,0.26,BUY,BUY
SIQ,SMARTGROUP CORPORATION LTD,Commercial & Professional Services,9.229999542236328,9.119999885559082,9.199999809265137,9.194999694824219,119359.0,9.195,8.84524998664856,8.53245244026184,3.4511441493430564,-0.005,-0.05,BUY,BUY
SHL,SONIC HEALTHCARE LIMITED,Health Care Equipment & Services,28.09000015258789,27.700000762939453,27.700000762939453,27.864999771118164,234270.0,27.865,27.488749980926514,25.834161167144774,5.656058200990702,0.165,0.6,BUY,BUY
S32,SOUTH32 LIMITED,Materials,3.0399999618530273,2.950000047683716,2.9700000286102295,3.0299999713897705,6612245.0,3.03,3.1540000200271607,3.4623421955108644,0.8948952958134527,0.06,2.02,SELL,SELL
SXL,SOUTHERN CROSS MEDIA GROUP LIMITED,Media & Entertainment,1.2899999618530273,1.2549999952316284,1.2649999856948853,1.2899999618530273,211884.0,1.29,1.286249977350235,1.2235872876644134,0.18432041050422357,0.025,1.98,BUY,BUY
SKI,SPARK INFRASTRUCTURE GROUP,Utilities,2.380000114440918,2.3299999237060547,2.3399999141693115,2.369999885559082,2314841.0,2.37,2.437000000476837,2.320396595001221,0.5874203036126482,0.03,1.28,SELL,BUY
SPK,SPARK NEW ZEALAND LIMITED,Telecommunication Services,3.805000066757202,3.759999990463257,3.759999990463257,3.799999952316284,102610.0,3.8,3.7669999837875365,3.570040805339813,0.9945511977203061,0.04,1.06,BUY,BUY
SDA,SPEEDCAST INTERNATIONAL LIMITED,Telecommunication Services,1.8320000171661377,1.7649999856948853,1.8300000429153442,1.809999942779541,2687532.0,1.81,2.3612499833106995,3.45168381690979,1.1349702245245878,-0.02,-1.09,SELL,SELL
SBM,ST BARBARA LIMITED,Materials,3.549999952316284,3.4800000190734863,3.5,3.5399999618530273,2728119.0,3.54,3.138000011444092,3.245879557132721,1.218110438162758,0.04,1.14,BUY,BUY
SDF,STEADFAST GROUP LIMITED,Insurance,3.6600000858306885,3.5850000381469727,3.5899999141693115,3.630000114440918,551735.0,3.63,3.5074999809265135,3.2907000088691714,0.6972959473083092,0.04,1.11,BUY,BUY
SGP,STOCKLAND,Real Estate,4.639999866485596,4.579999923706055,4.599999904632568,4.610000133514404,1518004.0,4.61,4.437334036827087,3.96973771572113,0.7478995739055609,0.01,0.22,BUY,BUY
SUN,SUNCORP GROUP LIMITED,Insurance,13.25,13.029999732971191,13.039999961853027,13.1899995803833,849680.0,13.19,13.383000040054322,13.471599969863892,2.9467645355958467,0.15,1.15,SELL,SELL
SUL,SUPER RETAIL GROUP LIMITED,Retailing,9.529999732971191,9.335000038146973,9.470000267028809,9.399999618530273,233348.0,9.4,8.95,8.379499998092651,1.9201401212502982,-0.07,-0.74,BUY,BUY
SYD,SYDNEY AIRPORT,Transportation,8.109999656677246,7.889999866485596,7.900000095367432,8.095000267028809,1332048.0,8.095,8.069058489799499,7.458483996391297,1.9211264551235292,0.195,2.47,BUY,BUY
TAH,TABCORP HOLDINGS LIMITED,Consumer Services,4.619999885559082,4.579999923706055,4.599999904632568,4.605000019073486,1031896.0,4.605,4.58125,4.6629499912261965,1.059084376569635,0.005,0.11,BUY,SELL
TGR,TASSAL GROUP LIMITED,"Food, Beverage & Tobacco",4.840000152587891,4.730000019073486,4.789999961853027,4.829999923706055,183106.0,4.83,4.865499997138977,4.893416972160339,1.2764575330238952,0.04,0.84,SELL,SELL
TNE,TECHNOLOGY ONE LIMITED,Software & Services,7.889999866485596,7.679999828338623,7.75,7.84499979019165,160063.0,7.845,7.971249985694885,7.984374847412109,2.0848901961575845,0.095,1.23,SELL,SELL
TLS,TELSTRA CORPORATION LIMITED.,Telecommunication Services,3.8450000286102295,3.7799999713897705,3.7899999618530273,3.815000057220459,6857848.0,3.815,3.841249966621399,3.505149986743927,1.060268482428312,0.025,0.66,SELL,BUY
A2M,THE A2 MILK COMPANY LIMITED,"Food, Beverage & Tobacco",16.270000457763672,15.970000267028809,16.059999465942383,16.219999313354492,631204.0,16.22,14.767500019073486,14.38799997329712,4.790241102702472,0.16,1.0,BUY,BUY
SGR,THE STAR ENTERTAINMENT GROUP LIMITED,Consumer Services,4.090000152587891,4.059999942779541,4.090000152587891,4.079999923706055,822281.0,4.08,4.114999985694885,4.2970999813079835,1.0277590001892707,-0.01,-0.24,SELL,SELL
TPM,TPG TELECOM LIMITED,Telecommunication Services,6.574999809265137,6.429999828338623,6.429999828338623,6.539999961853027,161813.0,6.54,6.5640000104904175,6.61982295513153,3.0011243305422175,0.11,1.71,SELL,SELL
TCL,TRANSURBAN GROUP,Transportation,15.119999885559082,14.899999618530273,14.899999618530273,15.0649995803833,638051.0,15.065,15.02938733100891,13.561915922164918,3.2193792496346103,0.165,1.11,BUY,BUY
TWE,TREASURY WINE ESTATES LIMITED,"Food, Beverage & Tobacco",16.489999771118164,16.200000762939453,16.270000457763672,16.40999984741211,444346.0,16.41,15.543000030517579,15.480451641082764,5.037523473607108,0.14,0.86,BUY,BUY
URW,UNIBAIL-RODAMCO-WESTFIELD,Real Estate,10.170000076293945,10.119999885559082,10.130000114440918,10.164999961853027,165317.0,10.165,10.325984764099122,11.033004207611084,1.3341629602329894,0.035,0.35,SELL,SELL
VCX,VICINITY CENTRES,Real Estate,2.5999999046325684,2.549999952316284,2.569999933242798,2.5850000381469727,1833657.0,2.585,2.5741555094718933,2.493327498435974,0.4641432333443775,0.015,0.58,BUY,BUY
VEA,VIVA ENERGY GROUP LIMITED,Energy,2.25,2.190000057220459,2.190000057220459,2.234999895095825,2107918.0,2.235,2.158749985694885,2.2811139011383057,0.21561847962932223,0.045,2.05,BUY,SELL
VVR,VIVA ENERGY REIT,Real Estate,2.6500000953674316,2.5999999046325684,2.619999885559082,2.634999990463257,353588.0,2.635,2.6368744134902955,2.49268981218338,0.20473531171830836,0.015,0.57,SELL,BUY
VOC,VOCUS GROUP LIMITED,Telecommunication Services,3.075000047683716,2.9800000190734863,3.0399999618530273,2.984999895095825,1386770.0,2.985,3.1362499952316285,3.6855500173568725,2.0536329629194667,-0.055,-1.81,SELL,SELL
SOL,WASHINGTON H SOUL PATTINSON & COMPANY LIMITED,Energy,22.229999542236328,21.799999237060547,21.90999984741211,22.170000076293945,109415.0,22.17,22.41500005722046,24.433979835510254,4.564667700704832,0.26,1.19,SELL,SELL
WEB,WEBJET LIMITED,Retailing,13.260000228881836,12.989999771118164,13.119999885559082,13.210000038146973,137040.0,13.21,13.349500179290771,15.029838552474976,4.389358253157751,0.09,0.69,SELL,SELL
WES,WESFARMERS LIMITED,Retailing,38.47999954223633,37.95000076293945,37.95000076293945,38.45000076293945,491094.0,38.45,37.104499626159665,35.859999923706056,6.676843755704391,0.5,1.32,BUY,BUY
WSA,WESTERN AREAS LIMITED,Materials,2.440000057220459,2.380000114440918,2.430000066757202,2.4100000858306885,2739053.0,2.41,2.064249986410141,2.201049996614456,1.1247614976256874,-0.02,-0.82,BUY,BUY
WBC,WESTPAC BANKING CORPORATION,Banks,27.979999542236328,27.6299991607666,27.6299991607666,27.899999618530273,1724207.0,27.9,28.01800012588501,26.74059366226196,5.72614604881449,0.27,0.98,SELL,BUY
WHC,WHITEHAVEN COAL LIMITED,Energy,3.690000057220459,3.5899999141693115,3.640000104904175,3.6700000762939453,1844929.0,3.67,3.694500041007996,4.039100005626678,1.6615328974436372,0.03,0.82,SELL,SELL
WTC,WISETECH GLOBAL LIMITED,Software & Services,30.079999923706055,29.520000457763672,29.84000015258789,29.799999237060547,165915.0,29.8,29.064499950408937,24.288853664398193,6.894373869321267,-0.04,-0.13,BUY,BUY
WPL,WOODSIDE PETROLEUM LTD,Energy,33.880001068115234,33.2599983215332,33.79999923706055,33.599998474121094,1724896.0,33.6,35.967000770568845,35.55020030975342,3.555015508060139,-0.2,-0.59,SELL,SELL
WOW,WOOLWORTHS GROUP LIMITED,Food & Staples Retailing,34.380001068115234,33.720001220703125,33.86000061035156,34.36000061035156,485509.0,34.36,33.815500259399414,31.89255897521973,4.1386642901783395,0.5,1.48,BUY,BUY
WOR,WORLEYPARSONS LIMITED,Energy,14.569999694824219,14.279999732971191,14.350000381469727,14.505000114440918,239790.0,14.505,14.963249969482423,14.314549970626832,5.083312285376342,0.155,1.08,SELL,BUY
XRO,XERO LIMITED,Software & Services,60.75,59.540000915527344,60.0,60.720001220703125,84805.0,60.72,61.67250022888184,55.40850017547607,13.16686960226898,0.72,1.2,SELL,BUY
